-- phpMyAdmin SQL Dump
-- version 3.3.2deb1ubuntu1
-- http://www.phpmyadmin.net
--
-- 主机: localhost
-- 生成日期: 2013 年 11 月 07 日 16:56
-- 服务器版本: 5.1.70
-- PHP 版本: 5.3.14

SET SQL_MODE="NO_AUTO_VALUE_ON_ZERO";


/*!40101 SET @OLD_CHARACTER_SET_CLIENT=@@CHARACTER_SET_CLIENT */;
/*!40101 SET @OLD_CHARACTER_SET_RESULTS=@@CHARACTER_SET_RESULTS */;
/*!40101 SET @OLD_COLLATION_CONNECTION=@@COLLATION_CONNECTION */;
/*!40101 SET NAMES utf8 */;

--
-- 数据库: `chinavec`
--

-- --------------------------------------------------------

--
-- 表的结构 `admin`
--

CREATE TABLE IF NOT EXISTS `admin` (
  `name` varchar(50) CHARACTER SET utf8 NOT NULL,
  `password` varchar(50) CHARACTER SET utf8 NOT NULL
) ENGINE=MyISAM DEFAULT CHARSET=latin1;

--
-- 转存表中的数据 `admin`
--

INSERT INTO `admin` (`name`, `password`) VALUES
('admin', '123456');

-- --------------------------------------------------------

--
-- 表的结构 `authen`
--

CREATE TABLE IF NOT EXISTS `authen` (
  `id` int(5) NOT NULL AUTO_INCREMENT,
  `type` varchar(3) CHARACTER SET utf8 NOT NULL,
  `code` varchar(20) CHARACTER SET utf8 NOT NULL,
  `valid_dt` varchar(10) CHARACTER SET utf8 NOT NULL,
  `purpose` varchar(100) CHARACTER SET utf8 NOT NULL,
  `video_id` int(11) NOT NULL,
  `title_cn` varchar(50) CHARACTER SET utf8 NOT NULL,
  PRIMARY KEY (`id`),
  KEY `video_id` (`video_id`)
) ENGINE=InnoDB  DEFAULT CHARSET=latin1 AUTO_INCREMENT=42 ;

--
-- 转存表中的数据 `authen`
--

INSERT INTO `authen` (`id`, `type`, `code`, `valid_dt`, `purpose`, `video_id`, `title_cn`) VALUES
(1, 'P', 'C1310P00001', '2014-10-30', '中传电视台播出', 6, ''),
(2, 'P', 'C1310P00002', '2014-10-30', '中传电视台播出', 57, ''),
(3, 'P', 'C1310P00003', '2014-10-30', '中传电视台播出', 62, ''),
(4, 'P', 'C1310P00004', '2014-10-30', '中传电视台播出', 64, ''),
(5, 'P', 'C1310P00005', '2014-10-30', '中传电视台播出', 65, ''),
(6, 'P', 'C1310P00006', '2014-10-30', '中传电视台播出', 18, ''),
(7, 'P', 'C1310P00007', '2014-10-30', '中传电视台播出', 23, ''),
(8, 'P', 'C1310P00008', '2014-10-30', '中传电视台播出', 30, ''),
(9, 'P', 'C1310P00009', '2014-10-30', '中传电视台播出', 33, ''),
(10, 'P', 'C1310P00010', '2014-10-30', '中传电视台播出', 36, ''),
(11, 'P', 'C1310P00011', '2014-10-30', '中传电视台播出', 43, ''),
(12, 'P', 'C1310P00012', '2014-10-30', '中传电视台播出', 49, ''),
(13, 'P', 'C1310P00013', '2014-10-30', '中传电视台播出', 51, ''),
(14, 'P', 'C1310P00014', '2014-10-30', '中传电视台播出', 68, ''),
(15, 'P', 'C1310P00015', '2014-10-30', '中传电视台播出', 88, ''),
(16, 'P', 'C1310P00016', '2014-10-30', '中传电视台播出', 7, ''),
(17, 'P', 'C1310P00017', '2014-10-30', '中传电视台播出', 89, ''),
(18, 'P', 'C1310P00018', '2014-10-30', '中传电视台播出', 20, ''),
(19, 'P', 'C1310P00019', '2014-10-30', '中传电视台播出', 22, ''),
(20, 'P', 'C1310P00020', '2014-10-30', '中传电视台播出', 22, ''),
(21, 'P', 'C1310P00021', '2014-10-30', '中传电视台播出', 27, ''),
(22, 'P', 'C1310P00022', '2014-10-30', '中传电视台播出', 75, ''),
(23, 'P', 'C1310P00023', '2014-10-30', '中传电视台播出', 78, ''),
(24, 'P', 'C1310P00024', '2014-10-30', '中传电视台播出', 66, ''),
(25, 'P', 'C1310P00025', '2014-10-30', '中传电视台播出', 40, ''),
(26, 'P', 'C1310P00026', '2014-10-30', '中传电视台播出', 55, ''),
(28, 'P', 'C1310P00028', '2014-10-30', '中传电视台播出', 91, ''),
(30, 'P', 'C1310P00030', '2015-09-03', '金福艺农番茄联合国展映', 91, ''),
(31, 'P', 'C1310P00031', '2014-10-30', '中传电视台播出', 92, ''),
(32, 'P', 'C1310P00032', '2014-10-30', '中传电视台播出', 93, ''),
(33, 'P', 'C1310P00033', '2014-10-30', '中传电视台播出', 94, ''),
(34, 'P', 'C1310P00034', '2014-10-30', '中传电视台播出', 95, ''),
(35, 'P', 'C1310P00035', '2014-10-30', '中传电视台播出', 96, ''),
(36, 'P', 'C1310P00036', '2014-10-30', '中传电视台播出', 97, ''),
(37, 'P', 'C1310P00037', '2014-10-30', '中传电视台播出', 98, ''),
(38, 'P', 'C1310P00038', '2014-10-30', '中传电视台播出', 99, ''),
(39, 'P', 'C1310P00039', '2014-10-30', '中传电视台播出', 100, ''),
(40, 'F', 'C1310F00038', '2014-10-30', '阿斯蒂芬', 40, ''),
(41, 'F', 'C1310F00039', '2013-10-07', '', 5, '蠕动');

-- --------------------------------------------------------

--
-- 表的结构 `video`
--

CREATE TABLE IF NOT EXISTS `video` (
  `id` int(10) NOT NULL AUTO_INCREMENT,
  `title_cn` varchar(50) CHARACTER SET utf8 NOT NULL,
  `title_en` varchar(100) CHARACTER SET utf8 NOT NULL,
  `type_id` int(11) NOT NULL,
  `dscrp` varchar(200) CHARACTER SET utf8 NOT NULL,
  `dur` int(11) NOT NULL,
  `director` varchar(100) CHARACTER SET utf8 NOT NULL,
  `producer` varchar(100) CHARACTER SET utf8 NOT NULL,
  `stars` varchar(100) CHARACTER SET utf8 NOT NULL,
  `tags` varchar(100) CHARACTER SET utf8 NOT NULL,
  `video_url` varchar(100) CHARACTER SET utf8 NOT NULL,
  `poster` varchar(100) CHARACTER SET utf8 NOT NULL,
  PRIMARY KEY (`id`),
  KEY `type_id` (`type_id`)
) ENGINE=InnoDB  DEFAULT CHARSET=latin1 AUTO_INCREMENT=102 ;

--
-- 转存表中的数据 `video`
--

INSERT INTO `video` (`id`, `title_cn`, `title_en`, `type_id`, `dscrp`, `dur`, `director`, `producer`, `stars`, `tags`, `video_url`, `poster`) VALUES
(1, '27岁', '27 Years Old', 1, '这部影片讲述了一个27岁女孩的故事。', 270, '杜美莹', '', '李丹', '情感；青春；女生', '/var/www/ui_auth/video/1.mpg', ''),
(2, 'CUC-NMI新媒体研究院宣传片', 'CUC-NMI New Media Institute promo', 6, '新媒体研究院宣传影片', 187, '', '', '', '媒体；宣传', '', ''),
(3, '音乐星期五', 'music friday', 3, '该影片是音乐评论类栏目。', 331, '穆捷', '', '', '音乐；评论；流行', '', ''),
(4, '理查德和科瑞', 'Richard+Cory', 1, '该影片讲述了人性的转变故事。', 1220, '韩文文', '', 'Harry Reiner; Callum Stewart', '悬疑；恐怖；惊悚', '', ''),
(5, '蠕动', 'wiggle', 1, '该影片讲述了有关爱情的故事。', 499, '王玲玲；吕欣；刘思思', '张萌', '吕欣；盖鹏', '爱情；矛盾', '', ''),
(6, '阿根达斯', 'Agen Das', 3, '该影片讲述了一个冰淇淋的故事。', 254, '巩雪', '', '谷婉君；沈群淇', '广告；食物', '', ''),
(7, '爱的画工', 'Love painters', 2, '该影片讲述了一个老艺术家的故事。', 948, '张云鹤', '赵子忠；王薇', '', '艺术；老人', '', ''),
(8, '爱嘉', 'Love Ka', 1, '该影片讲述了家庭与爱情交织的故事。', 1430, '童谣', '赵子忠', '', '', '', ''),
(9, '爱情的样子', 'Love the way', 1, '该影片讲述了伤感的爱情故事。', 1123, '王林艳', '', '戚芮；陈献帆；刘欢；赵睿；妍妍', '爱情；伤感', '', ''),
(10, '爱演', 'Love to play', 1, '该影片讲述了日常人们如何参与戏剧生活。', 235, '', '', '张海涛；张守信；蒋欢娜', '戏剧；百姓；生活', '', ''),
(11, '白领冷漠症', 'White-collar apathy syndrome', 2, '该影片是对白领生活的描述。', 253, '盖鹏', '', '陈洋；蒋清舒；张守信；王缤娴', '白领；工作；压力；城市', '', ''),
(12, '班鉴', 'Ban Kam', 2, '该影片讲述了同班同学的纪念。', 474, '穆杰；刘馨文；周腾', '', '', '毕业；生活；友情', '', ''),
(13, '北京梦', 'Beijing Dream', 2, '该影片采访了北漂一族的生活。', 891, '田喆', '', '', '北漂；压力；纪实', '', ''),
(14, '北京雾很大', 'Beijing foggy', 4, '该影片讲述了北京的雾霾现象。', 293, '田喆；杨晓琛', '', '', '北京；污染；雾霾', '', ''),
(15, '变迁·时代变迁下的媒体写真', 'Changes in the media portrait of changing times', 2, '该影片讲述了时代变迁下的媒体写真。', 1159, '李桐瑶', '曹三省；陈斯华', '', '变迁；媒体', '', ''),
(16, '测谎仪', 'Polygraph', 1, '该影片讲述了一个关于导演面试演员的故事。', 246, '盖鹏', '', '', '面试；搞笑', '', ''),
(17, '吃的秘密', 'Secrets to eat', 3, '该影片是一档有关食物的科普栏目。', 1217, '马博凯', '曹三省；陈斯华', '', '食物；科普', '', ''),
(18, '出去走走', 'Go for a walk', 1, '该影片讲述了生活并不局限于电子产品的故事。', 88, '', '', '', '广告；生活；旅行', '', ''),
(19, '传承', 'Inheritance', 2, '该影片讲述了剧团跟着时代变迁的故事。', 1643, '马爽', '赵子忠；曹三省；陈斯华', '', '变迁；剧团；传统', '', ''),
(20, '春天', 'Spring', 1, '该影片讲述了一个宅男的社交生活。', 1187, '刘佩钰', '赵子忠；王薇', '', '宅男；生活', '', ''),
(21, '村戏', 'Village scene', 2, '该影片讲述了乡下传统戏曲文化的传播。', 601, '黄秒秒', '', '', '乡村；戏曲；文化；传播', '', ''),
(22, '打劫', 'Robbery', 1, '该影片讲述了一个有关打劫的故事。', 316, '杨帆；陈琛', '', '', '打劫；搞笑', '', ''),
(23, '刀·逝', 'Knife · death', 2, '该影片讲述了一个古老磨刀与理发的文化现象。', 1271, '巩雪', '苏志武；赵子忠；曹三省；陈斯华', '', '传统；刀具；变迁', '', ''),
(24, '倒序孤独', 'Descending lonely', 1, '该影片讲述了三个人的爱情故事。', 299, '陈梦荧', '', '盖鹏；王缤娴；丹尼尔', '爱情；外遇', '', ''),
(25, '低俗演员', 'Vulgar actor', 1, '该影片讲述了一个演员的心路历程。', 592, '蒋清舒', '', '', '演员；心理', '', ''),
(26, '电影主题馆', 'Movie Theme Pavilion', 3, '该影片是一档介绍电影的栏目。', 1163, '', '', '', '电影；流行', '', ''),
(27, '非物质速递', 'Intangible Courier', 1, '该影片讲述了非物质的速递故事。', 871, '杨帆', '', '孙泽玉', '情感；虚拟', '', ''),
(28, '关于苹果', 'something about the apple', 4, '该影片是一档关于苹果手机的栏目。', 1211, '周翔', '赵子忠', '', '苹果；手机', '', ''),
(29, '好奇全体验-科技馆探秘', 'Curious whole experience - Science and Technology Museum Quest', 3, '该影片是关于科技馆的介绍。', 368, '田喆', '', '', '科技；参观。', '', ''),
(30, '华夏霓裳', 'China Seduction', 2, '该影片讲述了一个汉服变迁的故事。', 937, '白露', '曹三省；陈斯华；张斌', '', '汉服；传统；古代', '', ''),
(31, '欢乐使者', 'Happy Herald', 1, '该影片讲述了一个精神病患者的故事。', 323, '高山', '', '', '病患；惊悚；悬疑', '', ''),
(32, '幻', 'Unreal', 1, '该影片讲述了一个人的幻想生活。', 1549, '', '', '', '幻想；舞蹈', '', ''),
(33, '健身先生', 'Mr. Fitness', 2, '该影片讲述了对健身人士的采访。', 1074, '路璐', '张鹏洲', '陈瑞华', '健美；采访', '', ''),
(34, '劫后余生', 'Aftermath', 1, '该影片讲述了打劫后被解救的故事。', 1104, '董韵', '赵子忠；曹三省；陈斯华', '黄鹤；张有帅', '打劫；警察；劫匪；搞笑', '', ''),
(35, '姐妹们的聚会', 'Sisters gathering', 3, '该影片是一档女生生活栏目。', 947, '', '', '', '女生；友情；八卦', '', ''),
(36, '居大不易', 'Large living is not easy', 3, '该影片讲述了大城市生活的艰难。', 1055, '王丹萍', '曹三省；陈斯华', '', '成语；压力；城市', '', ''),
(37, '局中局', 'Bureau Bureau', 3, '该影片是一档法制电视栏目。', 1208, '', '赵子忠', '马佣腾；孙霖', '法制；法律；犯罪', '', ''),
(38, '距离', 'Distance', 1, '该影片讲述了一个爱情与亲情交织的故事。', 196, '', '', '田喆；刘馨文', '爱情；亲情', '', ''),
(39, '快乐密码', 'Happy password', 1, '该影片讲述了爱情与亲情交织的故事。', 1204, '张晓达', '张鹏洲；张豪', '张君蔚；张倩', '爱情；亲情', '', ''),
(40, '老顽童的心愿', 'Old elf''s wish', 2, '该影片讲述了一个老人乐观对待生活的故事。', 1264, '周游', '赵子忠', '', '老人；乐观；公益', '', ''),
(41, '理想进行中', 'Ideal for the', 1, '该影片讲述了友情与爱情交织的故事。', 941, '殷俊', '赵子忠；曹三省；陈斯华', '高传荣', '友情；爱情', '', ''),
(42, '留爱', 'Love to stay', 1, '该影片讲述了两个世界的爱情故事。', 385, '王缤娴；庞韵叶；盖鹏', '张萌', '蒋清舒；陈洋', '爱情；伤感', '', ''),
(43, '旅行观', 'Travel Concept', 2, '该影片讲述了许多人的旅行感悟与见闻。', 1186, '', '张鹏洲', '', '旅行；感悟', '', ''),
(44, '迷失', 'Lost', 1, '该影片讲述了一个男生的成长历程。', 918, '钟鑫', '曹三省；陈斯华', '郑国强', '男生；成长', '', ''),
(45, '迷途', 'Stray', 1, '该影片讲述了毕业前期聚会的故事。', 706, '张彪；陈洋；蒋清舒', '', '蒋清舒；庞韵叶；王缤娴；田喆', '毕业；聚会；生活', '', ''),
(46, '密友时刻', 'Chum moment', 1, '该影片是一个关于友情的酒类广告。', 193, '陈梦荧', '张萌', '', '广告；友情', '', ''),
(47, '民以食为天', 'Hunger breeds discontentment', 4, '该影片是一档关于食物的讨论栏目。', 169, '', '', '', '食物；电视', '', ''),
(48, '奶奶的秘密', 'Grandma''s Secrets', 1, '该影片讲述了奶奶对智障孙子的爱护。', 147, '王玲玲', '王虎', '张桂枝；王崇；吴桂兰', '残疾；亲情', '', ''),
(49, '你的下一站', 'Your next stop', 2, '该影片是街头的随机采访。', 361, '', '', '', '生活；压力；地铁', '', ''),
(50, '年轻的白杨', 'Young aspen', 6, '中国传媒大学宣传片', 353, '', '', '', '广院；宣传', '', ''),
(51, '陪读', 'Accompanying', 2, '该影片讲述了高中生父母的陪读生活。', 949, '陈琛', '曹三省；陈斯华', '', '家庭；学习；子女', '', ''),
(52, '陪你看世界', 'Accompany you to see the world', 1, '该影片是有关亲情的汽车广告。', 244, '', '', '', '亲情；汽车；广告', '', ''),
(53, '秋语', 'Autumn story', 2, '该影片讲述了乡村旅行的见闻。', 399, '孙一粟', '曹三省', '', '旅行；乡村；古街；生活', '', ''),
(54, '三年', 'Three years', 1, '该影片讲述了有关爱情的故事。', 954, '', '', '邢悬月；蒲培根；于彬', '爱情；家庭', '', ''),
(55, '尚·白领', 'Shang · White Collar', 1, '该影片讲述了白领对美好生活的向往。', 318, '田喆', '', '', '压力；生活', '', ''),
(56, '剩男剩女总动员', 'Men and women left Story', 3, '该影片是一档相亲类节目。', 1077, '曹璇', '张鹏洲；张豪', '', '相亲；节目；性别', '', ''),
(57, '字母的故事', 'The story of the letter', 5, '该影片是一部实验短片。', 125, '杨帆', '', '', '剪影；字母；实验', '', ''),
(58, '食品安全', 'Food Safety', 4, '该影片是一档食品安全栏目。', 169, '', '', '', '食品；安全', '', ''),
(59, '世纪坛-2012北京国际设计周主题日视频', 'Shijitan -2012 Beijing International Design Week theme day video', 6, '该影片是北京国际设计周主题日视频。', 260, '', '', '', '设计；宣传；原创', '', ''),
(60, '双喜', 'Double Happiness', 1, '该影片讲述了一个女演员的感情生活。', 346, '陈洋', '', '', '演员；女性；感情；生活', '', ''),
(61, '双氧水', 'Hydrogen peroxide', 1, '该影片讲述了一对情侣的爱情故事。', 570, '孙一粟', '曹三省', '金盛；王胜楠', '爱情；清新；校园', '', ''),
(62, '袜之物语', 'The Story socks', 4, '该影片讲述了两只袜子的故事。', 250, '白露', '', '', '袜子；动画；搞笑', '', ''),
(63, '完美版搭档', 'Perfect version of the partner', 1, '该影片讲述了两个犯罪分子的故事。', 1341, '张海燕', '赵子忠', '刘杰东；王军', '犯罪；法制；法律', '', ''),
(64, '微博炉1', 'Microblogging furnace 1', 3, '该影片讲述了一个关于微博的故事。', 338, '王丹萍', '', '', '微博；生活', '', ''),
(65, '微博炉2', 'Microblogging furnace 2', 3, '该影片讲述了一个关于微博的故事。', 324, '王丹萍', '', '', '微博；生活', '', ''),
(66, '微影大魔方', 'Micro-film Cube', 3, '该影片是一档电影评论栏目。', 905, '姬豹', '张鹏洲', '', '电影；评论', '', ''),
(67, '我叫张碳', 'My name is Zhangtan', 1, '该影片讲述了低碳主义者的生活。', 1286, '张鑫', '', '张时嘉', '低碳；环保；政治', '', ''),
(68, '我们是独生子女', 'We are the only child', 2, '该影片讲述了独生子女的成长历程。', 911, '常骞壬', '张鹏洲', '', '子女；家庭；压力', '', ''),
(69, '我要奖学金', 'I want to scholarship', 1, '该影片讲述了一个学生追求奖学金的故事。', 1964, '杨钦涛', '', '', '奖金；作弊；处分', '', ''),
(70, '嘻哈一刻', 'Hip Hop moment', 3, '该影片是一档评论雷人视频栏目。', 910, '蒋焕娜；李琛', '张萌', '', '评论；搞笑', '', ''),
(71, '下潜', 'Dive', 1, '该影片讲述了一个人的生活感悟。', 1227, '', '赵子忠', '马博凯；张晶芸', '生活；孤独；压力；幻想', '', ''),
(72, '相信', 'Believe', 1, '该影片讲述了小人物的大梦想。', 1182, '殷俊', '', '孙东晓', '人物；理想', '', ''),
(73, '小核桃之恋', 'Small walnut Love', 1, '该影片讲述了一个女生的爱情生活。', 1504, '方俊', '曹三省；陈斯华', '惠雨萱；丁凯；刘云思', '女生；爱情', '', ''),
(74, '小美的幸福', 'Little America''s happiness', 1, '该影片讲述了有关爱情的故事。', 1148, '刘洋', '曹三省；陈斯华', '施一潭；王飞；吕云鹤', '爱情；故事', '', ''),
(75, '肖邦的独白', 'Chopin''s monologue', 1, '该影片讲述了大学生的生活常态。', 1204, '刘振', '赵子忠；王薇', '廖志东', '学生；音乐', '', ''),
(76, '幸福·计', 'Plan of happiness', 1, '该影片讲述了一个蓝颜知己变成男友的故事。', 1313, '王逅', '曹三省；陈斯华', '冯雪；张持；谷里', '蓝颜；男友', '', ''),
(77, '兄弟会之剑', 'Brotherhood of the Sword', 1, '该影片讲述了心理疾病患者的故事。', 650, '高山', '', '', '心理；疾病', '', ''),
(78, '寻', 'Search', 2, '该影片讲述了一个寻找自己的故事。', 546, '常骞壬', '张萌', '', '寻找；孤独', '', ''),
(79, '一个老兵', 'A veteran', 2, '该影片讲述了一个退伍老兵的生平及现在。', 860, '孙一粟', '曹三省', '韩维民', '战争；老兵；生活', '', ''),
(80, '硬币的旅程', 'Coins journey', 1, '该影片从小事情讲述大道理。', 1052, '盖菁莹', '赵子忠', '滕阳', '平凡；道理', '', ''),
(81, '邮筒', 'Posting', 1, '该影片讲述了一个男生通过邮筒给暗恋女生寄信的故事。', 621, '袁莉莉', '曹三省', '', '爱情；校园；伤感', '', ''),
(82, '有二说二之毕业前日', 'There are two, said two of the day before graduation', 3, '该影片讲述了即将毕业的日子里应届生的感悟。', 783, '', '', '', '毕业；生活；感悟；社会', '', ''),
(83, '有关爱情的对话', 'Dialogue about love', 1, '该影片是关于爱情真谛的讨论。', 1041, '李宛聪', '', '', '爱情；真理', '', ''),
(84, '孕产日历', 'Motherhood calendar', 4, '该影片是一档孕产的科普栏目。', 152, '张彪', '', '', '科普；孕产', '', ''),
(85, '占星的秘密', 'Astrology Secret', 3, '该影片讲述了人们对占星的看法。', 1215, '石磊', '赵子忠；张鹏洲', '', '占星', '', ''),
(86, '招聘骗局', 'Recruitment scam', 3, '该影片是一档法制栏目。', 1212, '张晶露', '', '', '法制；法律；犯罪；招聘', '', ''),
(87, '真爱', 'Love', 1, '该影片讲述了有关爱情的故事。', 316, '刘馨文；周腾', '', '吕欣；张宋信', '爱情', '', ''),
(88, '指尖上的旅行', 'Travel fingertips', 3, '该影片讲述了国外旅游的见闻。', 937, '何瑶', '', '', '旅行；见闻', '', ''),
(89, '致我的换宿旅行', 'To my swap places travel', 2, '该影片讲述了在新西兰的换宿生活。', 1268, '黄梦瑶', '', '', '换宿；国际', '', ''),
(90, '最后一个夏天', 'Last Summer', 1, '该影片讲述了毕业季的爱情故事。', 1791, '张晶芸', '赵子忠', '陈专；张舒', '毕业；爱情；伤感', '', ''),
(91, '听见爱', 'Love to hear', 1, '', 606, '', '', '', '', '', ''),
(92, '介公岭', 'Dream Jiegong Ridge', 2, '', 0, '', '', '', '', '', ''),
(93, '闺蜜被逼婚，探秘李姑岩', 'Life does not regret of Liguyan', 2, '', 0, '', '', '', '', '', ''),
(94, '古藤谷寻宝', 'Quest Pack Bone Mami', 2, '', 0, '', '', '', '', '', ''),
(95, '帅哥梦游秦王宴 ', 'Qin Mian gourmet feast', 1, '', 0, '', '', '', '', '', ''),
(96, '绵山陈醋', 'Pot of vinegar Past and Present', 2, '', 0, '', '', '', '', '', ''),
(97, '智力闯关之游绵山', 'The tour Mianshan intelligence checkpoints', 3, '', 0, '', '', '', '', '', ''),
(98, '在栖贤谷体验爱情的感觉 ', 'Adventure Xixian Valley', 2, '', 0, '', '', '', '', '', ''),
(99, '天然氧吧水涛沟', 'Tianranyangba Shuitao ditch', 2, '', 0, '', '', '', '', '', ''),
(100, '探秘包骨真身', '', 2, '', 0, '', '', '', '', '', ''),
(101, '醉在绵山之黄酒', 'The wine drunk in Mianshan', 2, '', 0, '', '', '', '', '', '');

-- --------------------------------------------------------

--
-- 表的结构 `video_type`
--

CREATE TABLE IF NOT EXISTS `video_type` (
  `id` int(10) NOT NULL AUTO_INCREMENT,
  `name` varchar(50) CHARACTER SET utf8 NOT NULL,
  PRIMARY KEY (`id`)
) ENGINE=InnoDB  DEFAULT CHARSET=latin1 AUTO_INCREMENT=7 ;

--
-- 转存表中的数据 `video_type`
--

INSERT INTO `video_type` (`id`, `name`) VALUES
(1, '微电影'),
(2, '微纪录'),
(3, '微栏目'),
(4, '微动漫'),
(5, '创意视频'),
(6, '信息视频');

--
-- 限制导出的表
--

--
-- 限制表 `authen`
--
ALTER TABLE `authen`
  ADD CONSTRAINT `authen_ibfk_1` FOREIGN KEY (`video_id`) REFERENCES `video` (`id`) ON DELETE CASCADE ON UPDATE CASCADE;

--
-- 限制表 `video`
--
ALTER TABLE `video`
  ADD CONSTRAINT `video_ibfk_1` FOREIGN KEY (`type_id`) REFERENCES `video_type` (`id`) ON DELETE CASCADE ON UPDATE CASCADE;
